"datetime","q_cms_hb","q_cms_mb","q_cms_pred","q_cms_hb_filled","type","NO3","year","TP","TDP","SRP","PP","NO3_source","TP_source","TDP_source","PP_source","SRP_source","Sample.ID","Site","Date","Time","Type","Type2","Index.notes","NRS_LWIA_notes","dD","d18O","iso.notes"
NA,NA,NA,NA,NA,NA,2.941366076,2023,0.025110591,0.0001988,0.000113,0.000235,"sensor","sensor","sensor","sensor","sensor","RI23-1020",NA,NA,NA,NA,"Stream","no info only ICP log",NA,NA,NA,NA
NA,NA,NA,NA,NA,NA,2.941366076,2023,0.014856126,0.0001988,0.000113,0.000235,"sensor","sensor","sensor","sensor","sensor","RI23-1020",NA,NA,NA,NA,"Stream","no info only ICP log",NA,NA,NA,NA
NA,NA,NA,NA,NA,NA,2.941366076,2023,0.008730155,0.0001988,0.000113,0.000235,"sensor","sensor","sensor","sensor","sensor","RI23-1020",NA,NA,NA,NA,"Stream","no info only ICP log",NA,NA,NA,NA
NA,NA,NA,NA,NA,NA,2.941366076,2023,0.018316888,0.0001988,0.000113,0.000235,"sensor","sensor","sensor","sensor","sensor","RI23-1020",NA,NA,NA,NA,"Stream","no info only ICP log",NA,NA,NA,NA
NA,NA,NA,NA,NA,NA,2.941366076,2023,0.137343954,0.020672334,0.000113,0.089084364,"sensor","sensor","sensor","sensor","sensor","RI23-1020",NA,NA,NA,NA,"Stream","no info only ICP log",NA,NA,NA,NA
NA,NA,NA,NA,NA,NA,2.941366076,2023,0.107959477,0.0001988,0.000113,0.082817837,"sensor","sensor","sensor","sensor","sensor","RI23-1020",NA,NA,NA,NA,"Stream","no info only ICP log",NA,NA,NA,NA
NA,NA,NA,NA,NA,NA,2.941366076,2023,0.081109682,0.002690565,0.000113,0.061134483,"sensor","sensor","sensor","sensor","sensor","RI23-1020",NA,NA,NA,NA,"Stream","no info only ICP log",NA,NA,NA,NA
NA,NA,NA,NA,NA,NA,2.941366076,2023,0.077836096,0.0001988,0.000113,0.050155527,"sensor","sensor","sensor","sensor","sensor","RI23-1020",NA,NA,NA,NA,"Stream","no info only ICP log",NA,NA,NA,NA
NA,NA,NA,NA,NA,NA,2.936402467,2023,0.025110591,0.0001988,0.000113,0.000235,"sensor","sensor","sensor","sensor","sensor","RI23-1020",NA,NA,NA,NA,"Stream","no info only ICP log",NA,NA,NA,NA
NA,NA,NA,NA,NA,NA,2.936402467,2023,0.014856126,0.0001988,0.000113,0.000235,"sensor","sensor","sensor","sensor","sensor","RI23-1020",NA,NA,NA,NA,"Stream","no info only ICP log",NA,NA,NA,NA
NA,NA,NA,NA,NA,NA,2.936402467,2023,0.008730155,0.0001988,0.000113,0.000235,"sensor","sensor","sensor","sensor","sensor","RI23-1020",NA,NA,NA,NA,"Stream","no info only ICP log",NA,NA,NA,NA
NA,NA,NA,NA,NA,NA,2.936402467,2023,0.018316888,0.0001988,0.000113,0.000235,"sensor","sensor","sensor","sensor","sensor","RI23-1020",NA,NA,NA,NA,"Stream","no info only ICP log",NA,NA,NA,NA
NA,NA,NA,NA,NA,NA,2.936402467,2023,0.137343954,0.020672334,0.000113,0.089084364,"sensor","sensor","sensor","sensor","sensor","RI23-1020",NA,NA,NA,NA,"Stream","no info only ICP log",NA,NA,NA,NA
NA,NA,NA,NA,NA,NA,2.936402467,2023,0.107959477,0.0001988,0.000113,0.082817837,"sensor","sensor","sensor","sensor","sensor","RI23-1020",NA,NA,NA,NA,"Stream","no info only ICP log",NA,NA,NA,NA
NA,NA,NA,NA,NA,NA,2.936402467,2023,0.081109682,0.002690565,0.000113,0.061134483,"sensor","sensor","sensor","sensor","sensor","RI23-1020",NA,NA,NA,NA,"Stream","no info only ICP log",NA,NA,NA,NA
NA,NA,NA,NA,NA,NA,2.936402467,2023,0.077836096,0.0001988,0.000113,0.050155527,"sensor","sensor","sensor","sensor","sensor","RI23-1020",NA,NA,NA,NA,"Stream","no info only ICP log",NA,NA,NA,NA
NA,NA,NA,NA,NA,NA,2.903313692,2023,0.025110591,0.0001988,0.000113,0.000235,"sensor","sensor","sensor","sensor","sensor","RI23-1020",NA,NA,NA,NA,"Stream","no info only ICP log",NA,NA,NA,NA
NA,NA,NA,NA,NA,NA,2.903313692,2023,0.014856126,0.0001988,0.000113,0.000235,"sensor","sensor","sensor","sensor","sensor","RI23-1020",NA,NA,NA,NA,"Stream","no info only ICP log",NA,NA,NA,NA
NA,NA,NA,NA,NA,NA,2.903313692,2023,0.008730155,0.0001988,0.000113,0.000235,"sensor","sensor","sensor","sensor","sensor","RI23-1020",NA,NA,NA,NA,"Stream","no info only ICP log",NA,NA,NA,NA
NA,NA,NA,NA,NA,NA,2.903313692,2023,0.018316888,0.0001988,0.000113,0.000235,"sensor","sensor","sensor","sensor","sensor","RI23-1020",NA,NA,NA,NA,"Stream","no info only ICP log",NA,NA,NA,NA
NA,NA,NA,NA,NA,NA,2.903313692,2023,0.137343954,0.020672334,0.000113,0.089084364,"sensor","sensor","sensor","sensor","sensor","RI23-1020",NA,NA,NA,NA,"Stream","no info only ICP log",NA,NA,NA,NA
NA,NA,NA,NA,NA,NA,2.903313692,2023,0.107959477,0.0001988,0.000113,0.082817837,"sensor","sensor","sensor","sensor","sensor","RI23-1020",NA,NA,NA,NA,"Stream","no info only ICP log",NA,NA,NA,NA
NA,NA,NA,NA,NA,NA,2.903313692,2023,0.081109682,0.002690565,0.000113,0.061134483,"sensor","sensor","sensor","sensor","sensor","RI23-1020",NA,NA,NA,NA,"Stream","no info only ICP log",NA,NA,NA,NA
NA,NA,NA,NA,NA,NA,2.903313692,2023,0.077836096,0.0001988,0.000113,0.050155527,"sensor","sensor","sensor","sensor","sensor","RI23-1020",NA,NA,NA,NA,"Stream","no info only ICP log",NA,NA,NA,NA
NA,NA,NA,NA,NA,NA,2.911034873,2023,0.025110591,0.0001988,0.000113,0.000235,"sensor","sensor","sensor","sensor","sensor","RI23-1020",NA,NA,NA,NA,"Stream","no info only ICP log",NA,NA,NA,NA
NA,NA,NA,NA,NA,NA,2.911034873,2023,0.014856126,0.0001988,0.000113,0.000235,"sensor","sensor","sensor","sensor","sensor","RI23-1020",NA,NA,NA,NA,"Stream","no info only ICP log",NA,NA,NA,NA
NA,NA,NA,NA,NA,NA,2.911034873,2023,0.008730155,0.0001988,0.000113,0.000235,"sensor","sensor","sensor","sensor","sensor","RI23-1020",NA,NA,NA,NA,"Stream","no info only ICP log",NA,NA,NA,NA
NA,NA,NA,NA,NA,NA,2.911034873,2023,0.018316888,0.0001988,0.000113,0.000235,"sensor","sensor","sensor","sensor","sensor","RI23-1020",NA,NA,NA,NA,"Stream","no info only ICP log",NA,NA,NA,NA
NA,NA,NA,NA,NA,NA,2.911034873,2023,0.137343954,0.020672334,0.000113,0.089084364,"sensor","sensor","sensor","sensor","sensor","RI23-1020",NA,NA,NA,NA,"Stream","no info only ICP log",NA,NA,NA,NA
NA,NA,NA,NA,NA,NA,2.911034873,2023,0.107959477,0.0001988,0.000113,0.082817837,"sensor","sensor","sensor","sensor","sensor","RI23-1020",NA,NA,NA,NA,"Stream","no info only ICP log",NA,NA,NA,NA
NA,NA,NA,NA,NA,NA,2.911034873,2023,0.081109682,0.002690565,0.000113,0.061134483,"sensor","sensor","sensor","sensor","sensor","RI23-1020",NA,NA,NA,NA,"Stream","no info only ICP log",NA,NA,NA,NA
NA,NA,NA,NA,NA,NA,2.911034873,2023,0.077836096,0.0001988,0.000113,0.050155527,"sensor","sensor","sensor","sensor","sensor","RI23-1020",NA,NA,NA,NA,"Stream","no info only ICP log",NA,NA,NA,NA
NA,NA,NA,NA,NA,NA,3.019646684,2022,0.025110591,0.0001988,0.000113,0.000235,"sensor","sensor","sensor","sensor","sensor","RI23-1020",NA,NA,NA,NA,"Stream","no info only ICP log",NA,NA,NA,NA
NA,NA,NA,NA,NA,NA,3.019646684,2022,0.014856126,0.0001988,0.000113,0.000235,"sensor","sensor","sensor","sensor","sensor","RI23-1020",NA,NA,NA,NA,"Stream","no info only ICP log",NA,NA,NA,NA
NA,NA,NA,NA,NA,NA,3.019646684,2022,0.008730155,0.0001988,0.000113,0.000235,"sensor","sensor","sensor","sensor","sensor","RI23-1020",NA,NA,NA,NA,"Stream","no info only ICP log",NA,NA,NA,NA
NA,NA,NA,NA,NA,NA,3.019646684,2022,0.018316888,0.0001988,0.000113,0.000235,"sensor","sensor","sensor","sensor","sensor","RI23-1020",NA,NA,NA,NA,"Stream","no info only ICP log",NA,NA,NA,NA
NA,NA,NA,NA,NA,NA,3.019646684,2022,0.137343954,0.020672334,0.000113,0.089084364,"sensor","sensor","sensor","sensor","sensor","RI23-1020",NA,NA,NA,NA,"Stream","no info only ICP log",NA,NA,NA,NA
NA,NA,NA,NA,NA,NA,3.019646684,2022,0.107959477,0.0001988,0.000113,0.082817837,"sensor","sensor","sensor","sensor","sensor","RI23-1020",NA,NA,NA,NA,"Stream","no info only ICP log",NA,NA,NA,NA
NA,NA,NA,NA,NA,NA,3.019646684,2022,0.081109682,0.002690565,0.000113,0.061134483,"sensor","sensor","sensor","sensor","sensor","RI23-1020",NA,NA,NA,NA,"Stream","no info only ICP log",NA,NA,NA,NA
NA,NA,NA,NA,NA,NA,3.019646684,2022,0.077836096,0.0001988,0.000113,0.050155527,"sensor","sensor","sensor","sensor","sensor","RI23-1020",NA,NA,NA,NA,"Stream","no info only ICP log",NA,NA,NA,NA
NA,NA,NA,NA,NA,NA,3.030878687,2022,0.025110591,0.0001988,0.000113,0.000235,"sensor","sensor","sensor","sensor","sensor","RI23-1020",NA,NA,NA,NA,"Stream","no info only ICP log",NA,NA,NA,NA
NA,NA,NA,NA,NA,NA,3.030878687,2022,0.014856126,0.0001988,0.000113,0.000235,"sensor","sensor","sensor","sensor","sensor","RI23-1020",NA,NA,NA,NA,"Stream","no info only ICP log",NA,NA,NA,NA
NA,NA,NA,NA,NA,NA,3.030878687,2022,0.008730155,0.0001988,0.000113,0.000235,"sensor","sensor","sensor","sensor","sensor","RI23-1020",NA,NA,NA,NA,"Stream","no info only ICP log",NA,NA,NA,NA
NA,NA,NA,NA,NA,NA,3.030878687,2022,0.018316888,0.0001988,0.000113,0.000235,"sensor","sensor","sensor","sensor","sensor","RI23-1020",NA,NA,NA,NA,"Stream","no info only ICP log",NA,NA,NA,NA
NA,NA,NA,NA,NA,NA,3.030878687,2022,0.137343954,0.020672334,0.000113,0.089084364,"sensor","sensor","sensor","sensor","sensor","RI23-1020",NA,NA,NA,NA,"Stream","no info only ICP log",NA,NA,NA,NA
NA,NA,NA,NA,NA,NA,3.030878687,2022,0.107959477,0.0001988,0.000113,0.082817837,"sensor","sensor","sensor","sensor","sensor","RI23-1020",NA,NA,NA,NA,"Stream","no info only ICP log",NA,NA,NA,NA
NA,NA,NA,NA,NA,NA,3.030878687,2022,0.081109682,0.002690565,0.000113,0.061134483,"sensor","sensor","sensor","sensor","sensor","RI23-1020",NA,NA,NA,NA,"Stream","no info only ICP log",NA,NA,NA,NA
NA,NA,NA,NA,NA,NA,3.030878687,2022,0.077836096,0.0001988,0.000113,0.050155527,"sensor","sensor","sensor","sensor","sensor","RI23-1020",NA,NA,NA,NA,"Stream","no info only ICP log",NA,NA,NA,NA
NA,NA,NA,NA,NA,NA,3.012205972,2022,0.025110591,0.0001988,0.000113,0.000235,"sensor","sensor","sensor","sensor","sensor","RI23-1020",NA,NA,NA,NA,"Stream","no info only ICP log",NA,NA,NA,NA
NA,NA,NA,NA,NA,NA,3.012205972,2022,0.014856126,0.0001988,0.000113,0.000235,"sensor","sensor","sensor","sensor","sensor","RI23-1020",NA,NA,NA,NA,"Stream","no info only ICP log",NA,NA,NA,NA
NA,NA,NA,NA,NA,NA,3.012205972,2022,0.008730155,0.0001988,0.000113,0.000235,"sensor","sensor","sensor","sensor","sensor","RI23-1020",NA,NA,NA,NA,"Stream","no info only ICP log",NA,NA,NA,NA
NA,NA,NA,NA,NA,NA,3.012205972,2022,0.018316888,0.0001988,0.000113,0.000235,"sensor","sensor","sensor","sensor","sensor","RI23-1020",NA,NA,NA,NA,"Stream","no info only ICP log",NA,NA,NA,NA
NA,NA,NA,NA,NA,NA,3.012205972,2022,0.137343954,0.020672334,0.000113,0.089084364,"sensor","sensor","sensor","sensor","sensor","RI23-1020",NA,NA,NA,NA,"Stream","no info only ICP log",NA,NA,NA,NA
NA,NA,NA,NA,NA,NA,3.012205972,2022,0.107959477,0.0001988,0.000113,0.082817837,"sensor","sensor","sensor","sensor","sensor","RI23-1020",NA,NA,NA,NA,"Stream","no info only ICP log",NA,NA,NA,NA
NA,NA,NA,NA,NA,NA,3.012205972,2022,0.081109682,0.002690565,0.000113,0.061134483,"sensor","sensor","sensor","sensor","sensor","RI23-1020",NA,NA,NA,NA,"Stream","no info only ICP log",NA,NA,NA,NA
NA,NA,NA,NA,NA,NA,3.012205972,2022,0.077836096,0.0001988,0.000113,0.050155527,"sensor","sensor","sensor","sensor","sensor","RI23-1020",NA,NA,NA,NA,"Stream","no info only ICP log",NA,NA,NA,NA
NA,NA,NA,NA,NA,NA,3.017006123,2022,0.025110591,0.0001988,0.000113,0.000235,"sensor","sensor","sensor","sensor","sensor","RI23-1020",NA,NA,NA,NA,"Stream","no info only ICP log",NA,NA,NA,NA
NA,NA,NA,NA,NA,NA,3.017006123,2022,0.014856126,0.0001988,0.000113,0.000235,"sensor","sensor","sensor","sensor","sensor","RI23-1020",NA,NA,NA,NA,"Stream","no info only ICP log",NA,NA,NA,NA
NA,NA,NA,NA,NA,NA,3.017006123,2022,0.008730155,0.0001988,0.000113,0.000235,"sensor","sensor","sensor","sensor","sensor","RI23-1020",NA,NA,NA,NA,"Stream","no info only ICP log",NA,NA,NA,NA
NA,NA,NA,NA,NA,NA,3.017006123,2022,0.018316888,0.0001988,0.000113,0.000235,"sensor","sensor","sensor","sensor","sensor","RI23-1020",NA,NA,NA,NA,"Stream","no info only ICP log",NA,NA,NA,NA
NA,NA,NA,NA,NA,NA,3.017006123,2022,0.137343954,0.020672334,0.000113,0.089084364,"sensor","sensor","sensor","sensor","sensor","RI23-1020",NA,NA,NA,NA,"Stream","no info only ICP log",NA,NA,NA,NA
NA,NA,NA,NA,NA,NA,3.017006123,2022,0.107959477,0.0001988,0.000113,0.082817837,"sensor","sensor","sensor","sensor","sensor","RI23-1020",NA,NA,NA,NA,"Stream","no info only ICP log",NA,NA,NA,NA
NA,NA,NA,NA,NA,NA,3.017006123,2022,0.081109682,0.002690565,0.000113,0.061134483,"sensor","sensor","sensor","sensor","sensor","RI23-1020",NA,NA,NA,NA,"Stream","no info only ICP log",NA,NA,NA,NA
NA,NA,NA,NA,NA,NA,3.017006123,2022,0.077836096,0.0001988,0.000113,0.050155527,"sensor","sensor","sensor","sensor","sensor","RI23-1020",NA,NA,NA,NA,"Stream","no info only ICP log",NA,NA,NA,NA
NA,NA,NA,NA,NA,NA,2.941366076,2023,0.025110591,0.0001988,0.000113,0.000235,"sensor","sensor","sensor","sensor","sensor","RI23-1062",NA,NA,NA,"Grab/Isco","Stream","no info only IC log",NA,NA,NA,NA
NA,NA,NA,NA,NA,NA,2.941366076,2023,0.014856126,0.0001988,0.000113,0.000235,"sensor","sensor","sensor","sensor","sensor","RI23-1062",NA,NA,NA,"Grab/Isco","Stream","no info only IC log",NA,NA,NA,NA
NA,NA,NA,NA,NA,NA,2.941366076,2023,0.008730155,0.0001988,0.000113,0.000235,"sensor","sensor","sensor","sensor","sensor","RI23-1062",NA,NA,NA,"Grab/Isco","Stream","no info only IC log",NA,NA,NA,NA
NA,NA,NA,NA,NA,NA,2.941366076,2023,0.018316888,0.0001988,0.000113,0.000235,"sensor","sensor","sensor","sensor","sensor","RI23-1062",NA,NA,NA,"Grab/Isco","Stream","no info only IC log",NA,NA,NA,NA
NA,NA,NA,NA,NA,NA,2.941366076,2023,0.137343954,0.020672334,0.000113,0.089084364,"sensor","sensor","sensor","sensor","sensor","RI23-1062",NA,NA,NA,"Grab/Isco","Stream","no info only IC log",NA,NA,NA,NA
NA,NA,NA,NA,NA,NA,2.941366076,2023,0.107959477,0.0001988,0.000113,0.082817837,"sensor","sensor","sensor","sensor","sensor","RI23-1062",NA,NA,NA,"Grab/Isco","Stream","no info only IC log",NA,NA,NA,NA
NA,NA,NA,NA,NA,NA,2.941366076,2023,0.081109682,0.002690565,0.000113,0.061134483,"sensor","sensor","sensor","sensor","sensor","RI23-1062",NA,NA,NA,"Grab/Isco","Stream","no info only IC log",NA,NA,NA,NA
NA,NA,NA,NA,NA,NA,2.941366076,2023,0.077836096,0.0001988,0.000113,0.050155527,"sensor","sensor","sensor","sensor","sensor","RI23-1062",NA,NA,NA,"Grab/Isco","Stream","no info only IC log",NA,NA,NA,NA
NA,NA,NA,NA,NA,NA,2.936402467,2023,0.025110591,0.0001988,0.000113,0.000235,"sensor","sensor","sensor","sensor","sensor","RI23-1062",NA,NA,NA,"Grab/Isco","Stream","no info only IC log",NA,NA,NA,NA
NA,NA,NA,NA,NA,NA,2.936402467,2023,0.014856126,0.0001988,0.000113,0.000235,"sensor","sensor","sensor","sensor","sensor","RI23-1062",NA,NA,NA,"Grab/Isco","Stream","no info only IC log",NA,NA,NA,NA
NA,NA,NA,NA,NA,NA,2.936402467,2023,0.008730155,0.0001988,0.000113,0.000235,"sensor","sensor","sensor","sensor","sensor","RI23-1062",NA,NA,NA,"Grab/Isco","Stream","no info only IC log",NA,NA,NA,NA
NA,NA,NA,NA,NA,NA,2.936402467,2023,0.018316888,0.0001988,0.000113,0.000235,"sensor","sensor","sensor","sensor","sensor","RI23-1062",NA,NA,NA,"Grab/Isco","Stream","no info only IC log",NA,NA,NA,NA
NA,NA,NA,NA,NA,NA,2.936402467,2023,0.137343954,0.020672334,0.000113,0.089084364,"sensor","sensor","sensor","sensor","sensor","RI23-1062",NA,NA,NA,"Grab/Isco","Stream","no info only IC log",NA,NA,NA,NA
NA,NA,NA,NA,NA,NA,2.936402467,2023,0.107959477,0.0001988,0.000113,0.082817837,"sensor","sensor","sensor","sensor","sensor","RI23-1062",NA,NA,NA,"Grab/Isco","Stream","no info only IC log",NA,NA,NA,NA
NA,NA,NA,NA,NA,NA,2.936402467,2023,0.081109682,0.002690565,0.000113,0.061134483,"sensor","sensor","sensor","sensor","sensor","RI23-1062",NA,NA,NA,"Grab/Isco","Stream","no info only IC log",NA,NA,NA,NA
NA,NA,NA,NA,NA,NA,2.936402467,2023,0.077836096,0.0001988,0.000113,0.050155527,"sensor","sensor","sensor","sensor","sensor","RI23-1062",NA,NA,NA,"Grab/Isco","Stream","no info only IC log",NA,NA,NA,NA
NA,NA,NA,NA,NA,NA,2.903313692,2023,0.025110591,0.0001988,0.000113,0.000235,"sensor","sensor","sensor","sensor","sensor","RI23-1062",NA,NA,NA,"Grab/Isco","Stream","no info only IC log",NA,NA,NA,NA
NA,NA,NA,NA,NA,NA,2.903313692,2023,0.014856126,0.0001988,0.000113,0.000235,"sensor","sensor","sensor","sensor","sensor","RI23-1062",NA,NA,NA,"Grab/Isco","Stream","no info only IC log",NA,NA,NA,NA
NA,NA,NA,NA,NA,NA,2.903313692,2023,0.008730155,0.0001988,0.000113,0.000235,"sensor","sensor","sensor","sensor","sensor","RI23-1062",NA,NA,NA,"Grab/Isco","Stream","no info only IC log",NA,NA,NA,NA
NA,NA,NA,NA,NA,NA,2.903313692,2023,0.018316888,0.0001988,0.000113,0.000235,"sensor","sensor","sensor","sensor","sensor","RI23-1062",NA,NA,NA,"Grab/Isco","Stream","no info only IC log",NA,NA,NA,NA
NA,NA,NA,NA,NA,NA,2.903313692,2023,0.137343954,0.020672334,0.000113,0.089084364,"sensor","sensor","sensor","sensor","sensor","RI23-1062",NA,NA,NA,"Grab/Isco","Stream","no info only IC log",NA,NA,NA,NA
NA,NA,NA,NA,NA,NA,2.903313692,2023,0.107959477,0.0001988,0.000113,0.082817837,"sensor","sensor","sensor","sensor","sensor","RI23-1062",NA,NA,NA,"Grab/Isco","Stream","no info only IC log",NA,NA,NA,NA
NA,NA,NA,NA,NA,NA,2.903313692,2023,0.081109682,0.002690565,0.000113,0.061134483,"sensor","sensor","sensor","sensor","sensor","RI23-1062",NA,NA,NA,"Grab/Isco","Stream","no info only IC log",NA,NA,NA,NA
NA,NA,NA,NA,NA,NA,2.903313692,2023,0.077836096,0.0001988,0.000113,0.050155527,"sensor","sensor","sensor","sensor","sensor","RI23-1062",NA,NA,NA,"Grab/Isco","Stream","no info only IC log",NA,NA,NA,NA
NA,NA,NA,NA,NA,NA,2.911034873,2023,0.025110591,0.0001988,0.000113,0.000235,"sensor","sensor","sensor","sensor","sensor","RI23-1062",NA,NA,NA,"Grab/Isco","Stream","no info only IC log",NA,NA,NA,NA
NA,NA,NA,NA,NA,NA,2.911034873,2023,0.014856126,0.0001988,0.000113,0.000235,"sensor","sensor","sensor","sensor","sensor","RI23-1062",NA,NA,NA,"Grab/Isco","Stream","no info only IC log",NA,NA,NA,NA
NA,NA,NA,NA,NA,NA,2.911034873,2023,0.008730155,0.0001988,0.000113,0.000235,"sensor","sensor","sensor","sensor","sensor","RI23-1062",NA,NA,NA,"Grab/Isco","Stream","no info only IC log",NA,NA,NA,NA
NA,NA,NA,NA,NA,NA,2.911034873,2023,0.018316888,0.0001988,0.000113,0.000235,"sensor","sensor","sensor","sensor","sensor","RI23-1062",NA,NA,NA,"Grab/Isco","Stream","no info only IC log",NA,NA,NA,NA
NA,NA,NA,NA,NA,NA,2.911034873,2023,0.137343954,0.020672334,0.000113,0.089084364,"sensor","sensor","sensor","sensor","sensor","RI23-1062",NA,NA,NA,"Grab/Isco","Stream","no info only IC log",NA,NA,NA,NA
NA,NA,NA,NA,NA,NA,2.911034873,2023,0.107959477,0.0001988,0.000113,0.082817837,"sensor","sensor","sensor","sensor","sensor","RI23-1062",NA,NA,NA,"Grab/Isco","Stream","no info only IC log",NA,NA,NA,NA
NA,NA,NA,NA,NA,NA,2.911034873,2023,0.081109682,0.002690565,0.000113,0.061134483,"sensor","sensor","sensor","sensor","sensor","RI23-1062",NA,NA,NA,"Grab/Isco","Stream","no info only IC log",NA,NA,NA,NA
NA,NA,NA,NA,NA,NA,2.911034873,2023,0.077836096,0.0001988,0.000113,0.050155527,"sensor","sensor","sensor","sensor","sensor","RI23-1062",NA,NA,NA,"Grab/Isco","Stream","no info only IC log",NA,NA,NA,NA
NA,NA,NA,NA,NA,NA,3.019646684,2022,0.025110591,0.0001988,0.000113,0.000235,"sensor","sensor","sensor","sensor","sensor","RI23-1062",NA,NA,NA,"Grab/Isco","Stream","no info only IC log",NA,NA,NA,NA
NA,NA,NA,NA,NA,NA,3.019646684,2022,0.014856126,0.0001988,0.000113,0.000235,"sensor","sensor","sensor","sensor","sensor","RI23-1062",NA,NA,NA,"Grab/Isco","Stream","no info only IC log",NA,NA,NA,NA
NA,NA,NA,NA,NA,NA,3.019646684,2022,0.008730155,0.0001988,0.000113,0.000235,"sensor","sensor","sensor","sensor","sensor","RI23-1062",NA,NA,NA,"Grab/Isco","Stream","no info only IC log",NA,NA,NA,NA
NA,NA,NA,NA,NA,NA,3.019646684,2022,0.018316888,0.0001988,0.000113,0.000235,"sensor","sensor","sensor","sensor","sensor","RI23-1062",NA,NA,NA,"Grab/Isco","Stream","no info only IC log",NA,NA,NA,NA
NA,NA,NA,NA,NA,NA,3.019646684,2022,0.137343954,0.020672334,0.000113,0.089084364,"sensor","sensor","sensor","sensor","sensor","RI23-1062",NA,NA,NA,"Grab/Isco","Stream","no info only IC log",NA,NA,NA,NA
NA,NA,NA,NA,NA,NA,3.019646684,2022,0.107959477,0.0001988,0.000113,0.082817837,"sensor","sensor","sensor","sensor","sensor","RI23-1062",NA,NA,NA,"Grab/Isco","Stream","no info only IC log",NA,NA,NA,NA
NA,NA,NA,NA,NA,NA,3.019646684,2022,0.081109682,0.002690565,0.000113,0.061134483,"sensor","sensor","sensor","sensor","sensor","RI23-1062",NA,NA,NA,"Grab/Isco","Stream","no info only IC log",NA,NA,NA,NA
NA,NA,NA,NA,NA,NA,3.019646684,2022,0.077836096,0.0001988,0.000113,0.050155527,"sensor","sensor","sensor","sensor","sensor","RI23-1062",NA,NA,NA,"Grab/Isco","Stream","no info only IC log",NA,NA,NA,NA
NA,NA,NA,NA,NA,NA,3.030878687,2022,0.025110591,0.0001988,0.000113,0.000235,"sensor","sensor","sensor","sensor","sensor","RI23-1062",NA,NA,NA,"Grab/Isco","Stream","no info only IC log",NA,NA,NA,NA
NA,NA,NA,NA,NA,NA,3.030878687,2022,0.014856126,0.0001988,0.000113,0.000235,"sensor","sensor","sensor","sensor","sensor","RI23-1062",NA,NA,NA,"Grab/Isco","Stream","no info only IC log",NA,NA,NA,NA
NA,NA,NA,NA,NA,NA,3.030878687,2022,0.008730155,0.0001988,0.000113,0.000235,"sensor","sensor","sensor","sensor","sensor","RI23-1062",NA,NA,NA,"Grab/Isco","Stream","no info only IC log",NA,NA,NA,NA
NA,NA,NA,NA,NA,NA,3.030878687,2022,0.018316888,0.0001988,0.000113,0.000235,"sensor","sensor","sensor","sensor","sensor","RI23-1062",NA,NA,NA,"Grab/Isco","Stream","no info only IC log",NA,NA,NA,NA
NA,NA,NA,NA,NA,NA,3.030878687,2022,0.137343954,0.020672334,0.000113,0.089084364,"sensor","sensor","sensor","sensor","sensor","RI23-1062",NA,NA,NA,"Grab/Isco","Stream","no info only IC log",NA,NA,NA,NA
NA,NA,NA,NA,NA,NA,3.030878687,2022,0.107959477,0.0001988,0.000113,0.082817837,"sensor","sensor","sensor","sensor","sensor","RI23-1062",NA,NA,NA,"Grab/Isco","Stream","no info only IC log",NA,NA,NA,NA
NA,NA,NA,NA,NA,NA,3.030878687,2022,0.081109682,0.002690565,0.000113,0.061134483,"sensor","sensor","sensor","sensor","sensor","RI23-1062",NA,NA,NA,"Grab/Isco","Stream","no info only IC log",NA,NA,NA,NA
NA,NA,NA,NA,NA,NA,3.030878687,2022,0.077836096,0.0001988,0.000113,0.050155527,"sensor","sensor","sensor","sensor","sensor","RI23-1062",NA,NA,NA,"Grab/Isco","Stream","no info only IC log",NA,NA,NA,NA
NA,NA,NA,NA,NA,NA,3.012205972,2022,0.025110591,0.0001988,0.000113,0.000235,"sensor","sensor","sensor","sensor","sensor","RI23-1062",NA,NA,NA,"Grab/Isco","Stream","no info only IC log",NA,NA,NA,NA
NA,NA,NA,NA,NA,NA,3.012205972,2022,0.014856126,0.0001988,0.000113,0.000235,"sensor","sensor","sensor","sensor","sensor","RI23-1062",NA,NA,NA,"Grab/Isco","Stream","no info only IC log",NA,NA,NA,NA
NA,NA,NA,NA,NA,NA,3.012205972,2022,0.008730155,0.0001988,0.000113,0.000235,"sensor","sensor","sensor","sensor","sensor","RI23-1062",NA,NA,NA,"Grab/Isco","Stream","no info only IC log",NA,NA,NA,NA
NA,NA,NA,NA,NA,NA,3.012205972,2022,0.018316888,0.0001988,0.000113,0.000235,"sensor","sensor","sensor","sensor","sensor","RI23-1062",NA,NA,NA,"Grab/Isco","Stream","no info only IC log",NA,NA,NA,NA
NA,NA,NA,NA,NA,NA,3.012205972,2022,0.137343954,0.020672334,0.000113,0.089084364,"sensor","sensor","sensor","sensor","sensor","RI23-1062",NA,NA,NA,"Grab/Isco","Stream","no info only IC log",NA,NA,NA,NA
NA,NA,NA,NA,NA,NA,3.012205972,2022,0.107959477,0.0001988,0.000113,0.082817837,"sensor","sensor","sensor","sensor","sensor","RI23-1062",NA,NA,NA,"Grab/Isco","Stream","no info only IC log",NA,NA,NA,NA
NA,NA,NA,NA,NA,NA,3.012205972,2022,0.081109682,0.002690565,0.000113,0.061134483,"sensor","sensor","sensor","sensor","sensor","RI23-1062",NA,NA,NA,"Grab/Isco","Stream","no info only IC log",NA,NA,NA,NA
NA,NA,NA,NA,NA,NA,3.012205972,2022,0.077836096,0.0001988,0.000113,0.050155527,"sensor","sensor","sensor","sensor","sensor","RI23-1062",NA,NA,NA,"Grab/Isco","Stream","no info only IC log",NA,NA,NA,NA
NA,NA,NA,NA,NA,NA,3.017006123,2022,0.025110591,0.0001988,0.000113,0.000235,"sensor","sensor","sensor","sensor","sensor","RI23-1062",NA,NA,NA,"Grab/Isco","Stream","no info only IC log",NA,NA,NA,NA
NA,NA,NA,NA,NA,NA,3.017006123,2022,0.014856126,0.0001988,0.000113,0.000235,"sensor","sensor","sensor","sensor","sensor","RI23-1062",NA,NA,NA,"Grab/Isco","Stream","no info only IC log",NA,NA,NA,NA
NA,NA,NA,NA,NA,NA,3.017006123,2022,0.008730155,0.0001988,0.000113,0.000235,"sensor","sensor","sensor","sensor","sensor","RI23-1062",NA,NA,NA,"Grab/Isco","Stream","no info only IC log",NA,NA,NA,NA
NA,NA,NA,NA,NA,NA,3.017006123,2022,0.018316888,0.0001988,0.000113,0.000235,"sensor","sensor","sensor","sensor","sensor","RI23-1062",NA,NA,NA,"Grab/Isco","Stream","no info only IC log",NA,NA,NA,NA
NA,NA,NA,NA,NA,NA,3.017006123,2022,0.137343954,0.020672334,0.000113,0.089084364,"sensor","sensor","sensor","sensor","sensor","RI23-1062",NA,NA,NA,"Grab/Isco","Stream","no info only IC log",NA,NA,NA,NA
NA,NA,NA,NA,NA,NA,3.017006123,2022,0.107959477,0.0001988,0.000113,0.082817837,"sensor","sensor","sensor","sensor","sensor","RI23-1062",NA,NA,NA,"Grab/Isco","Stream","no info only IC log",NA,NA,NA,NA
NA,NA,NA,NA,NA,NA,3.017006123,2022,0.081109682,0.002690565,0.000113,0.061134483,"sensor","sensor","sensor","sensor","sensor","RI23-1062",NA,NA,NA,"Grab/Isco","Stream","no info only IC log",NA,NA,NA,NA
NA,NA,NA,NA,NA,NA,3.017006123,2022,0.077836096,0.0001988,0.000113,0.050155527,"sensor","sensor","sensor","sensor","sensor","RI23-1062",NA,NA,NA,"Grab/Isco","Stream","no info only IC log",NA,NA,NA,NA
NA,NA,NA,NA,NA,NA,2.941366076,2023,0.025110591,0.0001988,0.000113,0.000235,"sensor","sensor","sensor","sensor","sensor","RI23-1076","Hungerford",NA,NA,"Grab/Isco","Stream","no time in Sauls iso log either",NA,-73.396,-11.262,NA
NA,NA,NA,NA,NA,NA,2.941366076,2023,0.014856126,0.0001988,0.000113,0.000235,"sensor","sensor","sensor","sensor","sensor","RI23-1076","Hungerford",NA,NA,"Grab/Isco","Stream","no time in Sauls iso log either",NA,-73.396,-11.262,NA
NA,NA,NA,NA,NA,NA,2.941366076,2023,0.008730155,0.0001988,0.000113,0.000235,"sensor","sensor","sensor","sensor","sensor","RI23-1076","Hungerford",NA,NA,"Grab/Isco","Stream","no time in Sauls iso log either",NA,-73.396,-11.262,NA
NA,NA,NA,NA,NA,NA,2.941366076,2023,0.018316888,0.0001988,0.000113,0.000235,"sensor","sensor","sensor","sensor","sensor","RI23-1076","Hungerford",NA,NA,"Grab/Isco","Stream","no time in Sauls iso log either",NA,-73.396,-11.262,NA
NA,NA,NA,NA,NA,NA,2.941366076,2023,0.137343954,0.020672334,0.000113,0.089084364,"sensor","sensor","sensor","sensor","sensor","RI23-1076","Hungerford",NA,NA,"Grab/Isco","Stream","no time in Sauls iso log either",NA,-73.396,-11.262,NA
NA,NA,NA,NA,NA,NA,2.941366076,2023,0.107959477,0.0001988,0.000113,0.082817837,"sensor","sensor","sensor","sensor","sensor","RI23-1076","Hungerford",NA,NA,"Grab/Isco","Stream","no time in Sauls iso log either",NA,-73.396,-11.262,NA
NA,NA,NA,NA,NA,NA,2.941366076,2023,0.081109682,0.002690565,0.000113,0.061134483,"sensor","sensor","sensor","sensor","sensor","RI23-1076","Hungerford",NA,NA,"Grab/Isco","Stream","no time in Sauls iso log either",NA,-73.396,-11.262,NA
NA,NA,NA,NA,NA,NA,2.941366076,2023,0.077836096,0.0001988,0.000113,0.050155527,"sensor","sensor","sensor","sensor","sensor","RI23-1076","Hungerford",NA,NA,"Grab/Isco","Stream","no time in Sauls iso log either",NA,-73.396,-11.262,NA
NA,NA,NA,NA,NA,NA,2.936402467,2023,0.025110591,0.0001988,0.000113,0.000235,"sensor","sensor","sensor","sensor","sensor","RI23-1076","Hungerford",NA,NA,"Grab/Isco","Stream","no time in Sauls iso log either",NA,-73.396,-11.262,NA
NA,NA,NA,NA,NA,NA,2.936402467,2023,0.014856126,0.0001988,0.000113,0.000235,"sensor","sensor","sensor","sensor","sensor","RI23-1076","Hungerford",NA,NA,"Grab/Isco","Stream","no time in Sauls iso log either",NA,-73.396,-11.262,NA
NA,NA,NA,NA,NA,NA,2.936402467,2023,0.008730155,0.0001988,0.000113,0.000235,"sensor","sensor","sensor","sensor","sensor","RI23-1076","Hungerford",NA,NA,"Grab/Isco","Stream","no time in Sauls iso log either",NA,-73.396,-11.262,NA
NA,NA,NA,NA,NA,NA,2.936402467,2023,0.018316888,0.0001988,0.000113,0.000235,"sensor","sensor","sensor","sensor","sensor","RI23-1076","Hungerford",NA,NA,"Grab/Isco","Stream","no time in Sauls iso log either",NA,-73.396,-11.262,NA
NA,NA,NA,NA,NA,NA,2.936402467,2023,0.137343954,0.020672334,0.000113,0.089084364,"sensor","sensor","sensor","sensor","sensor","RI23-1076","Hungerford",NA,NA,"Grab/Isco","Stream","no time in Sauls iso log either",NA,-73.396,-11.262,NA
NA,NA,NA,NA,NA,NA,2.936402467,2023,0.107959477,0.0001988,0.000113,0.082817837,"sensor","sensor","sensor","sensor","sensor","RI23-1076","Hungerford",NA,NA,"Grab/Isco","Stream","no time in Sauls iso log either",NA,-73.396,-11.262,NA
NA,NA,NA,NA,NA,NA,2.936402467,2023,0.081109682,0.002690565,0.000113,0.061134483,"sensor","sensor","sensor","sensor","sensor","RI23-1076","Hungerford",NA,NA,"Grab/Isco","Stream","no time in Sauls iso log either",NA,-73.396,-11.262,NA
NA,NA,NA,NA,NA,NA,2.936402467,2023,0.077836096,0.0001988,0.000113,0.050155527,"sensor","sensor","sensor","sensor","sensor","RI23-1076","Hungerford",NA,NA,"Grab/Isco","Stream","no time in Sauls iso log either",NA,-73.396,-11.262,NA
NA,NA,NA,NA,NA,NA,2.903313692,2023,0.025110591,0.0001988,0.000113,0.000235,"sensor","sensor","sensor","sensor","sensor","RI23-1076","Hungerford",NA,NA,"Grab/Isco","Stream","no time in Sauls iso log either",NA,-73.396,-11.262,NA
NA,NA,NA,NA,NA,NA,2.903313692,2023,0.014856126,0.0001988,0.000113,0.000235,"sensor","sensor","sensor","sensor","sensor","RI23-1076","Hungerford",NA,NA,"Grab/Isco","Stream","no time in Sauls iso log either",NA,-73.396,-11.262,NA
NA,NA,NA,NA,NA,NA,2.903313692,2023,0.008730155,0.0001988,0.000113,0.000235,"sensor","sensor","sensor","sensor","sensor","RI23-1076","Hungerford",NA,NA,"Grab/Isco","Stream","no time in Sauls iso log either",NA,-73.396,-11.262,NA
NA,NA,NA,NA,NA,NA,2.903313692,2023,0.018316888,0.0001988,0.000113,0.000235,"sensor","sensor","sensor","sensor","sensor","RI23-1076","Hungerford",NA,NA,"Grab/Isco","Stream","no time in Sauls iso log either",NA,-73.396,-11.262,NA
NA,NA,NA,NA,NA,NA,2.903313692,2023,0.137343954,0.020672334,0.000113,0.089084364,"sensor","sensor","sensor","sensor","sensor","RI23-1076","Hungerford",NA,NA,"Grab/Isco","Stream","no time in Sauls iso log either",NA,-73.396,-11.262,NA
NA,NA,NA,NA,NA,NA,2.903313692,2023,0.107959477,0.0001988,0.000113,0.082817837,"sensor","sensor","sensor","sensor","sensor","RI23-1076","Hungerford",NA,NA,"Grab/Isco","Stream","no time in Sauls iso log either",NA,-73.396,-11.262,NA
NA,NA,NA,NA,NA,NA,2.903313692,2023,0.081109682,0.002690565,0.000113,0.061134483,"sensor","sensor","sensor","sensor","sensor","RI23-1076","Hungerford",NA,NA,"Grab/Isco","Stream","no time in Sauls iso log either",NA,-73.396,-11.262,NA
NA,NA,NA,NA,NA,NA,2.903313692,2023,0.077836096,0.0001988,0.000113,0.050155527,"sensor","sensor","sensor","sensor","sensor","RI23-1076","Hungerford",NA,NA,"Grab/Isco","Stream","no time in Sauls iso log either",NA,-73.396,-11.262,NA
NA,NA,NA,NA,NA,NA,2.911034873,2023,0.025110591,0.0001988,0.000113,0.000235,"sensor","sensor","sensor","sensor","sensor","RI23-1076","Hungerford",NA,NA,"Grab/Isco","Stream","no time in Sauls iso log either",NA,-73.396,-11.262,NA
NA,NA,NA,NA,NA,NA,2.911034873,2023,0.014856126,0.0001988,0.000113,0.000235,"sensor","sensor","sensor","sensor","sensor","RI23-1076","Hungerford",NA,NA,"Grab/Isco","Stream","no time in Sauls iso log either",NA,-73.396,-11.262,NA
NA,NA,NA,NA,NA,NA,2.911034873,2023,0.008730155,0.0001988,0.000113,0.000235,"sensor","sensor","sensor","sensor","sensor","RI23-1076","Hungerford",NA,NA,"Grab/Isco","Stream","no time in Sauls iso log either",NA,-73.396,-11.262,NA
NA,NA,NA,NA,NA,NA,2.911034873,2023,0.018316888,0.0001988,0.000113,0.000235,"sensor","sensor","sensor","sensor","sensor","RI23-1076","Hungerford",NA,NA,"Grab/Isco","Stream","no time in Sauls iso log either",NA,-73.396,-11.262,NA
NA,NA,NA,NA,NA,NA,2.911034873,2023,0.137343954,0.020672334,0.000113,0.089084364,"sensor","sensor","sensor","sensor","sensor","RI23-1076","Hungerford",NA,NA,"Grab/Isco","Stream","no time in Sauls iso log either",NA,-73.396,-11.262,NA
NA,NA,NA,NA,NA,NA,2.911034873,2023,0.107959477,0.0001988,0.000113,0.082817837,"sensor","sensor","sensor","sensor","sensor","RI23-1076","Hungerford",NA,NA,"Grab/Isco","Stream","no time in Sauls iso log either",NA,-73.396,-11.262,NA
NA,NA,NA,NA,NA,NA,2.911034873,2023,0.081109682,0.002690565,0.000113,0.061134483,"sensor","sensor","sensor","sensor","sensor","RI23-1076","Hungerford",NA,NA,"Grab/Isco","Stream","no time in Sauls iso log either",NA,-73.396,-11.262,NA
NA,NA,NA,NA,NA,NA,2.911034873,2023,0.077836096,0.0001988,0.000113,0.050155527,"sensor","sensor","sensor","sensor","sensor","RI23-1076","Hungerford",NA,NA,"Grab/Isco","Stream","no time in Sauls iso log either",NA,-73.396,-11.262,NA
NA,NA,NA,NA,NA,NA,3.019646684,2022,0.025110591,0.0001988,0.000113,0.000235,"sensor","sensor","sensor","sensor","sensor","RI23-1076","Hungerford",NA,NA,"Grab/Isco","Stream","no time in Sauls iso log either",NA,-73.396,-11.262,NA
NA,NA,NA,NA,NA,NA,3.019646684,2022,0.014856126,0.0001988,0.000113,0.000235,"sensor","sensor","sensor","sensor","sensor","RI23-1076","Hungerford",NA,NA,"Grab/Isco","Stream","no time in Sauls iso log either",NA,-73.396,-11.262,NA
NA,NA,NA,NA,NA,NA,3.019646684,2022,0.008730155,0.0001988,0.000113,0.000235,"sensor","sensor","sensor","sensor","sensor","RI23-1076","Hungerford",NA,NA,"Grab/Isco","Stream","no time in Sauls iso log either",NA,-73.396,-11.262,NA
NA,NA,NA,NA,NA,NA,3.019646684,2022,0.018316888,0.0001988,0.000113,0.000235,"sensor","sensor","sensor","sensor","sensor","RI23-1076","Hungerford",NA,NA,"Grab/Isco","Stream","no time in Sauls iso log either",NA,-73.396,-11.262,NA
NA,NA,NA,NA,NA,NA,3.019646684,2022,0.137343954,0.020672334,0.000113,0.089084364,"sensor","sensor","sensor","sensor","sensor","RI23-1076","Hungerford",NA,NA,"Grab/Isco","Stream","no time in Sauls iso log either",NA,-73.396,-11.262,NA
NA,NA,NA,NA,NA,NA,3.019646684,2022,0.107959477,0.0001988,0.000113,0.082817837,"sensor","sensor","sensor","sensor","sensor","RI23-1076","Hungerford",NA,NA,"Grab/Isco","Stream","no time in Sauls iso log either",NA,-73.396,-11.262,NA
NA,NA,NA,NA,NA,NA,3.019646684,2022,0.081109682,0.002690565,0.000113,0.061134483,"sensor","sensor","sensor","sensor","sensor","RI23-1076","Hungerford",NA,NA,"Grab/Isco","Stream","no time in Sauls iso log either",NA,-73.396,-11.262,NA
NA,NA,NA,NA,NA,NA,3.019646684,2022,0.077836096,0.0001988,0.000113,0.050155527,"sensor","sensor","sensor","sensor","sensor","RI23-1076","Hungerford",NA,NA,"Grab/Isco","Stream","no time in Sauls iso log either",NA,-73.396,-11.262,NA
NA,NA,NA,NA,NA,NA,3.030878687,2022,0.025110591,0.0001988,0.000113,0.000235,"sensor","sensor","sensor","sensor","sensor","RI23-1076","Hungerford",NA,NA,"Grab/Isco","Stream","no time in Sauls iso log either",NA,-73.396,-11.262,NA
NA,NA,NA,NA,NA,NA,3.030878687,2022,0.014856126,0.0001988,0.000113,0.000235,"sensor","sensor","sensor","sensor","sensor","RI23-1076","Hungerford",NA,NA,"Grab/Isco","Stream","no time in Sauls iso log either",NA,-73.396,-11.262,NA
NA,NA,NA,NA,NA,NA,3.030878687,2022,0.008730155,0.0001988,0.000113,0.000235,"sensor","sensor","sensor","sensor","sensor","RI23-1076","Hungerford",NA,NA,"Grab/Isco","Stream","no time in Sauls iso log either",NA,-73.396,-11.262,NA
NA,NA,NA,NA,NA,NA,3.030878687,2022,0.018316888,0.0001988,0.000113,0.000235,"sensor","sensor","sensor","sensor","sensor","RI23-1076","Hungerford",NA,NA,"Grab/Isco","Stream","no time in Sauls iso log either",NA,-73.396,-11.262,NA
NA,NA,NA,NA,NA,NA,3.030878687,2022,0.137343954,0.020672334,0.000113,0.089084364,"sensor","sensor","sensor","sensor","sensor","RI23-1076","Hungerford",NA,NA,"Grab/Isco","Stream","no time in Sauls iso log either",NA,-73.396,-11.262,NA
NA,NA,NA,NA,NA,NA,3.030878687,2022,0.107959477,0.0001988,0.000113,0.082817837,"sensor","sensor","sensor","sensor","sensor","RI23-1076","Hungerford",NA,NA,"Grab/Isco","Stream","no time in Sauls iso log either",NA,-73.396,-11.262,NA
NA,NA,NA,NA,NA,NA,3.030878687,2022,0.081109682,0.002690565,0.000113,0.061134483,"sensor","sensor","sensor","sensor","sensor","RI23-1076","Hungerford",NA,NA,"Grab/Isco","Stream","no time in Sauls iso log either",NA,-73.396,-11.262,NA
NA,NA,NA,NA,NA,NA,3.030878687,2022,0.077836096,0.0001988,0.000113,0.050155527,"sensor","sensor","sensor","sensor","sensor","RI23-1076","Hungerford",NA,NA,"Grab/Isco","Stream","no time in Sauls iso log either",NA,-73.396,-11.262,NA
NA,NA,NA,NA,NA,NA,3.012205972,2022,0.025110591,0.0001988,0.000113,0.000235,"sensor","sensor","sensor","sensor","sensor","RI23-1076","Hungerford",NA,NA,"Grab/Isco","Stream","no time in Sauls iso log either",NA,-73.396,-11.262,NA
NA,NA,NA,NA,NA,NA,3.012205972,2022,0.014856126,0.0001988,0.000113,0.000235,"sensor","sensor","sensor","sensor","sensor","RI23-1076","Hungerford",NA,NA,"Grab/Isco","Stream","no time in Sauls iso log either",NA,-73.396,-11.262,NA
NA,NA,NA,NA,NA,NA,3.012205972,2022,0.008730155,0.0001988,0.000113,0.000235,"sensor","sensor","sensor","sensor","sensor","RI23-1076","Hungerford",NA,NA,"Grab/Isco","Stream","no time in Sauls iso log either",NA,-73.396,-11.262,NA
NA,NA,NA,NA,NA,NA,3.012205972,2022,0.018316888,0.0001988,0.000113,0.000235,"sensor","sensor","sensor","sensor","sensor","RI23-1076","Hungerford",NA,NA,"Grab/Isco","Stream","no time in Sauls iso log either",NA,-73.396,-11.262,NA
NA,NA,NA,NA,NA,NA,3.012205972,2022,0.137343954,0.020672334,0.000113,0.089084364,"sensor","sensor","sensor","sensor","sensor","RI23-1076","Hungerford",NA,NA,"Grab/Isco","Stream","no time in Sauls iso log either",NA,-73.396,-11.262,NA
NA,NA,NA,NA,NA,NA,3.012205972,2022,0.107959477,0.0001988,0.000113,0.082817837,"sensor","sensor","sensor","sensor","sensor","RI23-1076","Hungerford",NA,NA,"Grab/Isco","Stream","no time in Sauls iso log either",NA,-73.396,-11.262,NA
NA,NA,NA,NA,NA,NA,3.012205972,2022,0.081109682,0.002690565,0.000113,0.061134483,"sensor","sensor","sensor","sensor","sensor","RI23-1076","Hungerford",NA,NA,"Grab/Isco","Stream","no time in Sauls iso log either",NA,-73.396,-11.262,NA
NA,NA,NA,NA,NA,NA,3.012205972,2022,0.077836096,0.0001988,0.000113,0.050155527,"sensor","sensor","sensor","sensor","sensor","RI23-1076","Hungerford",NA,NA,"Grab/Isco","Stream","no time in Sauls iso log either",NA,-73.396,-11.262,NA
NA,NA,NA,NA,NA,NA,3.017006123,2022,0.025110591,0.0001988,0.000113,0.000235,"sensor","sensor","sensor","sensor","sensor","RI23-1076","Hungerford",NA,NA,"Grab/Isco","Stream","no time in Sauls iso log either",NA,-73.396,-11.262,NA
NA,NA,NA,NA,NA,NA,3.017006123,2022,0.014856126,0.0001988,0.000113,0.000235,"sensor","sensor","sensor","sensor","sensor","RI23-1076","Hungerford",NA,NA,"Grab/Isco","Stream","no time in Sauls iso log either",NA,-73.396,-11.262,NA
NA,NA,NA,NA,NA,NA,3.017006123,2022,0.008730155,0.0001988,0.000113,0.000235,"sensor","sensor","sensor","sensor","sensor","RI23-1076","Hungerford",NA,NA,"Grab/Isco","Stream","no time in Sauls iso log either",NA,-73.396,-11.262,NA
NA,NA,NA,NA,NA,NA,3.017006123,2022,0.018316888,0.0001988,0.000113,0.000235,"sensor","sensor","sensor","sensor","sensor","RI23-1076","Hungerford",NA,NA,"Grab/Isco","Stream","no time in Sauls iso log either",NA,-73.396,-11.262,NA
NA,NA,NA,NA,NA,NA,3.017006123,2022,0.137343954,0.020672334,0.000113,0.089084364,"sensor","sensor","sensor","sensor","sensor","RI23-1076","Hungerford",NA,NA,"Grab/Isco","Stream","no time in Sauls iso log either",NA,-73.396,-11.262,NA
NA,NA,NA,NA,NA,NA,3.017006123,2022,0.107959477,0.0001988,0.000113,0.082817837,"sensor","sensor","sensor","sensor","sensor","RI23-1076","Hungerford",NA,NA,"Grab/Isco","Stream","no time in Sauls iso log either",NA,-73.396,-11.262,NA
NA,NA,NA,NA,NA,NA,3.017006123,2022,0.081109682,0.002690565,0.000113,0.061134483,"sensor","sensor","sensor","sensor","sensor","RI23-1076","Hungerford",NA,NA,"Grab/Isco","Stream","no time in Sauls iso log either",NA,-73.396,-11.262,NA
NA,NA,NA,NA,NA,NA,3.017006123,2022,0.077836096,0.0001988,0.000113,0.050155527,"sensor","sensor","sensor","sensor","sensor","RI23-1076","Hungerford",NA,NA,"Grab/Isco","Stream","no time in Sauls iso log either",NA,-73.396,-11.262,NA
2023-01-04 12:00:00,1.813197793,0.99958417,1.615078065,1.813197793,"original",4.522091869,2023,0.070184301,0.023943179,0.000113,0.000235,"sensor","sensor","sensor","sensor","sensor","ISO23-161","Hungerford","01/04/2023","12:00","Soil water lysimeter wet","Endmember","Wet Soil Lys",NA,-65.565,-9.298,"Wet Soil Lys"
2023-01-24 12:00:00,1.214586485,NA,NA,1.214586485,"original",3.527281043,2023,0.000235,0.0001988,0.000113,0.000235,"sensor","sensor","sensor","sensor","sensor","ISO23-164","Hungerford","01/24/2023","12:00","Baseflow","Endmember",NA,NA,-66.275,-9.682,NA
2023-01-24 12:00:00,1.214586485,NA,NA,1.214586485,"original",3.527281043,2023,0.000235,0.0001988,0.000113,0.000235,"sensor","sensor","sensor","sensor","sensor","ISO23-165","Wade","01/24/2023","12:00","Baseflow","Endmember",NA,NA,-76.707,-11.481,NA
2023-01-25 12:00:00,1.153339471,NA,NA,1.153339471,"original",3.481743671,2023,0.000235,0.0001988,0.000113,0.000235,"sensor","sensor","sensor","sensor","sensor","ISO23-163","Wade","01/25/2023","12:00","Snow lysimeter","Endmember",NA,NA,-94.197,-13.792,"Data rubbed off of bottle, don't know type of lysimeter MED guessing SM"
2023-02-09 13:40:00,0.822888533,NA,NA,0.822888533,"original",3.747163891,2023,0.00904739,0.0001988,0.000113,0.000235,"sensor","sensor","sensor","sensor","sensor","RI23-1001","Hungerford","02/9/2023","13:40","Grab/Isco","Stream","need to verify type",NA,-66.095,-9.827,NA
2023-02-09 16:00:00,0.828440615,NA,NA,0.828440615,"original",3.735140846,2023,0.011982997,0.0001988,0.000113,0.000235,"sensor","sensor","sensor","sensor","sensor","RI23-1002","Hungerford","02/9/2023","16:00","Grab/Isco","Stream","need to verify type",NA,-66.847,-9.862,NA
2023-02-09 22:00:00,0.811847595,NA,NA,0.811847595,"original",3.624843868,2023,0.003299412,0.0001988,0.000113,0.000235,"sensor","sensor","sensor","sensor","sensor","RI23-1003","Hungerford","02/9/2023","22:00","Grab/Isco","Stream","need to verify type",NA,-67.317,-9.8,NA
2023-02-10 04:00:00,0.914264064,NA,NA,0.914264064,"original",3.464848044,2023,0.000235,0.0001988,0.000113,0.000235,"sensor","sensor","sensor","sensor","sensor","RI23-1004","Hungerford","02/10/2023","4:00","Grab/Isco","Stream","need to verify type",NA,-72.393,-10.536,NA
2023-02-10 10:00:00,1.73621335,NA,NA,1.73621335,"original",2.902811292,2023,0.071789124,0.0001988,0.000113,0.000235,"sensor","sensor","sensor","sensor","sensor","RI23-1005","Hungerford","02/10/2023","10:00","Grab/Isco","Stream","need to verify type",NA,-78.866,-11.598,NA
2023-02-10 13:00:00,3.815961999,NA,NA,3.815961999,"original",2.663657704,2023,0.109116279,0.02511289,0.000113,0.000235,"sensor","sensor","sensor","sensor","sensor","RI23-1006","Wade","02/10/2023","13:00","Grab/Isco","Stream","need to verify type",NA,-80.253,-12.024,NA
2023-02-10 16:00:00,5.851447614,NA,NA,5.851447614,"original",3.193861528,2023,0.292879361,0.060581176,0.064100394,0.115159026,"sensor","sensor","sensor","sensor","sensor","RI23-1007","Hungerford","02/10/2023","16:00","Grab/Isco","Stream","need to verify type",NA,-80.652,-11.977,NA
2023-02-11 12:30:00,5.817934123,NA,NA,5.817934123,"original",4.054331483,2023,0.142015014,0.071192653,0.04774537,0.000235,"sensor","sensor","sensor","sensor","sensor","RI23-1008","Hungerford","02/11/2023","12:30","Grab/Isco","Stream","need to verify type",NA,-75.973,-11.294,NA
2023-02-15 12:00:00,2.426009161,NA,NA,2.426009161,"original",4.20984074,2023,0.100319784,0.061027211,0.000113,0.000235,"sensor","sensor","sensor","sensor","sensor","RI23-1025","Wade","02/15/2023","12:00","Grab","Stream","need to verify type",NA,-78.111,-11.784,NA
2023-02-15 12:00:00,2.426009161,NA,NA,2.426009161,"original",4.20984074,2023,0.100319784,0.061027211,0.000113,0.000235,"sensor","sensor","sensor","sensor","sensor","RI23-5000","Wade","02/15/2023","12:00","Soil water lysimeter dry","Endmember","dry site",NA,-93.641,-13.233,NA
2023-02-15 12:00:00,2.426009161,NA,NA,2.426009161,"original",4.20984074,2023,0.100319784,0.061027211,0.000113,0.000235,"sensor","sensor","sensor","sensor","sensor","RI23-5001","Hungerford","02/15/2023","12:00","Soil water lysimeter wet","Endmember","wet site",NA,NA,NA,NA
2023-02-15 12:00:00,2.426009161,NA,NA,2.426009161,"original",4.20984074,2023,0.100319784,0.061027211,0.000113,0.000235,"sensor","sensor","sensor","sensor","sensor","RI23-5002","Hungerford","02/15/2023","12:00","Snowmelt lysimeter","Endmember",NA,NA,-90.225,-13.668,"Wet Site"
2023-02-15 12:00:00,2.426009161,NA,NA,2.426009161,"original",4.20984074,2023,0.100319784,0.061027211,0.000113,0.000235,"sensor","sensor","sensor","sensor","sensor","RI23-5003","Hungerford","02/15/2023","12:00","Soil water lysimeter dry","Endmember","dry site",NA,-79.175,-11.536,"Dry lys"
2023-02-15 12:00:00,2.426009161,NA,NA,2.426009161,"original",4.20984074,2023,0.100319784,0.061027211,0.000113,0.000235,"sensor","sensor","sensor","sensor","sensor","RI23-5004","Wade","02/15/2023","12:00","Snow","Endmember",NA,NA,NA,NA,NA
2023-02-15 12:00:00,2.426009161,NA,NA,2.426009161,"original",4.20984074,2023,0.100319784,0.061027211,0.000113,0.000235,"sensor","sensor","sensor","sensor","sensor","RI23-5005","Wade","02/15/2023","12:00","Snowmelt lysimeter","Endmember",NA,NA,-109.383,-15.682,"Dry lys"
2023-02-15 12:00:00,2.426009161,NA,NA,2.426009161,"original",4.20984074,2023,0.100319784,0.061027211,0.000113,0.000235,"sensor","sensor","sensor","sensor","sensor","RI23-5005","Wade","02/15/2023","12:00","Snowmelt lysimeter","Endmember",NA,NA,-85.767,-12.292,"Dry Site"
2023-02-15 14:00:00,2.285486115,1.311069322,1.906346478,2.285486115,"original",4.368506729,2023,0.109355525,0.058876008,0.018176662,0.000235,"sensor","sensor","sensor","sensor","sensor","RI23-1026","Hungerford","02/15/2023","14:00","Grab/Isco","Stream","need to verify type",NA,-71.186,-10.577,NA
2023-02-15 15:00:00,2.255989107,NA,NA,2.255989107,"original",4.427105649,2023,0.114937561,0.045297209,0.023035458,0.000235,"sensor","sensor","sensor","sensor","sensor","RI23-1009","Wade","02/15/2023","15:00","Grab/Isco","Stream","need to verify type",NA,-78.421,-11.844,NA
2023-02-15 19:00:00,2.140160172,NA,NA,2.140160172,"original",4.65773736,2023,0.095390689,0.044775959,0.000113,0.000235,"sensor","sensor","sensor","sensor","sensor","RI23-1010","Wade","02/15/2023","19:00","Grab/Isco","Stream","need to verify type",NA,-78.932,-11.876,NA
2023-02-15 23:00:00,2.140160172,NA,NA,2.140160172,"original",4.790250216,2023,0.094540537,0.020356992,0.002570601,0.000235,"sensor","sensor","sensor","sensor","sensor","RI23-1011","Wade","02/15/2023","23:00","Grab/Isco","Stream","need to verify type",NA,-79.978,-12.027,NA
2023-02-16 03:00:00,3.949079664,NA,NA,3.949079664,"original",4.29871547,2023,0.190556211,0.023337351,0.000113,0.059536966,"sensor","sensor","sensor","sensor","sensor","RI23-1012","Wade","02/16/2023","3:00","Grab/Isco","Stream","need to verify type",NA,-81.829,-12.071,NA
2023-02-16 07:00:00,4.551074749,NA,NA,4.551074749,"original",3.418501956,2023,0.381307631,0.082832137,0.063895033,0.2035119,"sensor","sensor","sensor","sensor","sensor","RI23-1013","Wade","02/16/2023","7:00","Grab/Isco","Stream","need to verify type",NA,-83.418,-12.43,NA
2023-02-16 10:30:00,4.139788488,NA,NA,4.139788488,"original",3.208851293,2023,0.231761701,0.084604177,0.032067459,0.073076445,"sensor","sensor","sensor","sensor","sensor","RI23-1027","Hungerford","02/16/2023","10:30","Grab/Isco","Stream","need to verify type",NA,-74.385,-11.008,NA
2023-02-16 11:00:00,4.251051083,NA,NA,4.251051083,"original",3.200369863,2023,0.173848127,0.061086751,0.005956544,0.020665287,"sensor","sensor","sensor","sensor","sensor","RI23-1014","Wade","02/16/2023","11:00","Grab/Isco","Stream","need to verify type",NA,-82.863,-12.35,NA
2023-02-16 14:00:00,3.962533376,2.860000032,3.354744862,3.962533376,"original",2.973637202,2023,0.151658292,0.052438937,0.017467446,0.016834266,"sensor","sensor","sensor","sensor","sensor","RI23-1028","Wade","02/16/2023","14:00","Grab/Isco","Stream","need to verify type",NA,-82.344,-12.322,NA
2023-02-16 14:00:00,3.962533376,2.860000032,3.354744862,3.962533376,"original",2.973637202,2023,0.151658292,0.052438937,0.017467446,0.016834266,"sensor","sensor","sensor","sensor","sensor","RI23-1028","Wade","02/16/2023","14:00","Grab/Isco","Stream","need to verify type",NA,-82.344,-12.322,NA
2023-02-16 20:00:00,3.60832028,NA,NA,3.60832028,"original",2.877658585,2023,0.112355041,0.012558434,0.000113,0.000235,"sensor","sensor","sensor","sensor","sensor","RI23-1029","Wade","02/16/2023","20:00","Grab/Isco","Stream","need to verify type",NA,-82.319,-12.33,NA
2023-02-17 02:00:00,3.321278241,3.143168352,3.619534329,3.321278241,"original",2.862297111,2023,0.036361365,0.004483832,0.000113,0.000235,"sensor","sensor","sensor","sensor","sensor","RI23-1030","Wade","02/17/2023","2:00","Grab/Isco","Stream","need to verify type",NA,-81.816,-12.347,NA
2023-02-17 08:00:00,3.309102424,3.086534688,3.566576435,3.309102424,"original",2.806353246,2023,0.097127999,0.0001988,0.000113,0.000235,"sensor","sensor","sensor","sensor","sensor","RI23-1031","Wade","02/17/2023","8:00","Grab/Isco","Stream","need to verify type",NA,-81.36,-12.34,NA
2023-02-17 11:30:00,3.070873751,2.860000032,3.354744862,3.070873751,"original",2.763771354,2023,0.113549796,0.0001988,0.000113,0.000235,"sensor","sensor","sensor","sensor","sensor","RI23-1032","Wade","02/17/2023","11:30","Grab/Isco","Stream","need to verify type",NA,-80.657,-12.075,NA
2023-02-17 13:30:00,2.876249514,2.684435674,3.190575393,2.876249514,"original",2.80378294,2023,0.023207272,0.00760181,0.000113,0.000235,"sensor","sensor","sensor","sensor","sensor","RI23-1033","Hungerford","02/17/2023","13:30","Grab/Isco","Stream","need to verify type",NA,-72.18,-10.942,NA
2023-02-22 01:15:00,1.821868219,1.183643578,1.787191218,1.821868219,"original",3.518226789,2023,0.032195207,0.0001988,0.000113,0.000235,"sensor","sensor","sensor","sensor","sensor","ISO23-159","Hungerford","02/22/2023","01:15","Grab","Endmember",NA,NA,-68.854,-9.698,NA
2023-02-22 11:30:00,1.54009019,0.951445555,1.570063855,1.54009019,"original",3.785858138,2023,0.034486361,0.0001988,0.000113,0.000235,"sensor","sensor","sensor","sensor","sensor","ISO23-160","Wade","02/22/2023","11:30","Grab","Endmember",NA,NA,-78.887,-11.042,NA
2023-03-01 12:00:00,0.932003848,NA,NA,0.932003848,"original",3.49869073,2023,0.000235,0.0001988,0.000113,0.000235,"sensor","sensor","sensor","sensor","sensor","RI23-5006","Wade","03/01/2023","12:00","Groundwater","Endmember","well",NA,-76.119,-11.57,"Grab - MED is it gw though?"
2023-03-10 12:00:00,0.850860126,0.356792083,1.014005974,0.850860126,"original",2.701793362,2023,0.000235,0.0001988,0.000113,0.000235,"sensor","sensor","sensor","sensor","sensor","RI23-5018","Wade","03/10/2023","12:00","Groundwater","Endmember","need to verify bear pond see ICP log",NA,-72.071,-11.116,"Grab - MED is it gw though?"
2023-03-16 12:00:00,1.214586485,0.461564362,1.111978077,1.214586485,"original",2.053002192,2023,0.047362966,0.0001988,0.000113,0.000235,"sensor","sensor","sensor","sensor","sensor","RI23-5007","Hungerford","03/16/2023","12:00","Soil water lysimeter dry","Endmember","dry site",NA,-81.472,-12.284,"Dry lys"
2023-03-16 12:00:00,1.214586485,0.461564362,1.111978077,1.214586485,"original",2.053002192,2023,0.047362966,0.0001988,0.000113,0.000235,"sensor","sensor","sensor","sensor","sensor","RI23-5008","Hungerford","03/16/2023","12:00","Groundwater","Endmember","well",NA,-72.633,-10.806,"Grab - MED is it gw though?"
2023-03-16 12:00:00,1.214586485,0.461564362,1.111978077,1.214586485,"original",2.053002192,2023,0.047362966,0.0001988,0.000113,0.000235,"sensor","sensor","sensor","sensor","sensor","RI23-5009","Wade","03/16/2023","12:00","Soil water lysimeter dry","Endmember","dry site",NA,-89.934,-13.33,"Dry lys"
2023-03-22 13:15:00,2.265797394,2.106772301,2.65040488,2.265797394,"original",3.980860696,2023,0.042744126,0.024350323,0.000113,0.000235,"sensor","sensor","sensor","sensor","sensor","RI23-1034","Wade","03/22/2023","13:15","Grab/Isco","Stream","need to verify type",NA,-81.364,-12.059,NA
2023-03-22 15:00:00,2.168794278,1.868910912,2.427981728,2.168794278,"original",4.063012882,2023,0.050568656,0.0001988,0.000113,0.000235,"sensor","sensor","sensor","sensor","sensor","RI23-1035","Hungerford","03/22/2023","15:00","Grab/Isco","Stream","need to verify type",NA,-75.462,-11.153,NA
2023-03-22 18:00:00,2.064851686,1.449821798,2.036093316,2.064851686,"original",4.26102101,2023,0.014080584,0.00267282,0.000113,0.000235,"sensor","sensor","sensor","sensor","sensor","RI23-1036","Hungerford","03/22/2023","18:00","Grab/Isco","Stream","need to verify type",NA,-75.114,-11.054,NA
2023-03-22 18:00:00,2.064851686,1.449821798,2.036093316,2.064851686,"original",4.26102101,2023,0.014080584,0.00267282,0.000113,0.000235,"sensor","sensor","sensor","sensor","sensor","RI23-1039","Wade","03/22/2023","18:00","Grab/Isco","Stream","need to verify type",NA,-81.686,-12.15,NA
2023-03-23 00:00:00,2.265797394,1.792455466,2.356488572,2.265797394,"original",4.4080277,2023,0.097489615,0.0001988,0.000113,0.000235,"sensor","sensor","sensor","sensor","sensor","RI23-1037","Hungerford","03/23/2023","0:00","Grab/Isco","Stream","need to verify type",NA,-78.838,-11.486,NA
2023-03-23 00:00:00,2.265797394,1.792455466,2.356488572,2.265797394,"original",4.4080277,2023,0.097489615,0.0001988,0.000113,0.000235,"sensor","sensor","sensor","sensor","sensor","RI23-1040","Wade","03/23/2023","0:00","Grab/Isco","Stream","need to verify type",NA,-82.125,-12.072,NA
2023-03-23 06:00:00,4.084781582,3.482970336,3.937281689,4.084781582,"original",3.116132983,2023,0.185487519,0.041375999,0.013744773,0.049274006,"sensor","sensor","sensor","sensor","sensor","RI23-1038","Hungerford","03/23/2023","6:00","Grab/Isco","Stream","need to verify type",NA,-78.782,-11.52,NA
2023-03-23 06:00:00,4.084781582,3.482970336,3.937281689,4.084781582,"original",3.116132983,2023,0.185487519,0.041375999,0.013744773,0.049274006,"sensor","sensor","sensor","sensor","sensor","RI23-1041","Wade","03/23/2023","6:00","Grab/Isco","Stream","need to verify type",NA,-83.331,-12.424,NA
2023-03-23 12:00:00,3.164959138,2.766554486,3.267364337,3.164959138,"original",3.939608479,2023,0.131795499,0.033379546,0.007762513,0.016701313,"sensor","sensor","sensor","sensor","sensor","RI23-1042","Hungerford","03/23/2023","12:00","Grab/Isco","Stream","need to verify type",NA,-76.786,-11.499,NA
2023-03-23 12:00:00,3.164959138,2.766554486,3.267364337,3.164959138,"original",3.939608479,2023,0.131795499,0.033379546,0.007762513,0.016701313,"sensor","sensor","sensor","sensor","sensor","RI23-1055","Wade","03/23/2023","12:00","Grab/Isco","Stream","need to verify type",NA,NA,NA,NA
2023-03-23 18:00:00,2.603039806,2.293663392,2.825165928,2.603039806,"original",4.624768746,2023,0.119310935,0.019341337,0.003374857,0.000235,"sensor","sensor","sensor","sensor","sensor","RI23-1043","Hungerford","03/23/2023","18:00","Grab/Isco","Stream","need to verify type",NA,-75.68,-11.365,NA
2023-03-23 18:00:00,2.603039806,2.293663392,2.825165928,2.603039806,"original",4.624768746,2023,0.119310935,0.019341337,0.003374857,0.000235,"sensor","sensor","sensor","sensor","sensor","RI23-1056","Wade","03/23/2023","18:00","Grab/Isco","Stream","need to verify type",NA,NA,NA,NA
2023-03-24 00:00:00,5.537450123,5.040396096,5.393623757,5.537450123,"original",4.245560892,2023,0.193462168,0.036345117,0.015132896,0.050222032,"sensor","sensor","sensor","sensor","sensor","RI23-1044","Hungerford","03/24/2023","0:00","Grab/Isco","Stream","need to verify type",NA,-76.035,-11.01,NA
2023-03-24 00:00:00,5.537450123,5.040396096,5.393623757,5.537450123,"original",4.245560892,2023,0.193462168,0.036345117,0.015132896,0.050222032,"sensor","sensor","sensor","sensor","sensor","RI23-1057","Wade","03/24/2023","0:00","Grab/Isco","Stream","need to verify type",NA,NA,NA,NA
2023-03-24 06:00:00,8.891674546,8.438415936,8.57109736,8.891674546,"original",NA,NA,NA,NA,NA,NA,"q_model","q_model","q_model","q_model","q_model","RI23-1045","Hungerford","03/24/2023","6:00","Grab/Isco","Stream","need to verify type",NA,-76.547,-11.181,NA
2023-03-24 06:00:00,8.891674546,8.438415936,8.57109736,8.891674546,"original",NA,NA,NA,NA,NA,NA,"q_model","q_model","q_model","q_model","q_model","RI23-1058","Wade","03/24/2023","6:00","Grab/Isco","Stream","need to verify type",NA,-88.665,-13.215,NA
2023-03-24 12:00:00,6.598432611,6.994257504,7.220671078,6.598432611,"original",NA,NA,NA,NA,NA,NA,"q_model","q_model","q_model","q_model","q_model","RI23-1046","Hungerford","03/24/2023","12:00","Grab/Isco","Stream","need to verify type",NA,-76.522,-11.338,NA
2023-03-24 12:00:00,6.598432611,6.994257504,7.220671078,6.598432611,"original",NA,NA,NA,NA,NA,NA,"q_model","q_model","q_model","q_model","q_model","RI23-1059","Wade","03/24/2023","12:00","Grab/Isco","Stream","need to verify type",NA,-87.016,-13.038,NA
2023-03-24 12:00:00,6.598432611,6.994257504,7.220671078,6.598432611,"original",NA,NA,NA,NA,NA,NA,"q_model","q_model","q_model","q_model","q_model","RI23-1059","Wade","03/24/2023","12:00","Grab/Isco","Stream","need to verify type",NA,-87.016,-13.038,NA
2023-03-24 15:45:00,5.030609031,5.776633728,6.082076371,5.030609031,"original",NA,NA,NA,NA,NA,NA,"q_model","q_model","q_model","q_model","q_model","RI23-1047","Hungerford","03/24/2023","15:45","Grab/Isco","Stream","need to verify type",NA,-76.275,-11.287,NA
2023-03-24 17:30:00,4.580252261,5.351881248,5.68489217,4.580252261,"original",NA,NA,NA,NA,NA,NA,"q_model","q_model","q_model","q_model","q_model","RI23-1060","Wade","03/24/2023","17:30","Grab/Isco","Stream","need to verify type",NA,NA,NA,NA
2023-03-24 18:00:00,4.892995035,5.153663424,5.499539544,4.892995035,"original",NA,NA,NA,NA,NA,NA,"q_model","q_model","q_model","q_model","q_model","RI23-1053","Hungerford","03/24/2023","18:00","Isco","Stream",NA,"same sample as ISO23-158",-85.24,-12.526,NA
2023-03-25 10:00:00,3.260651595,3.851089152,4.281507996,3.260651595,"original",NA,NA,NA,NA,NA,NA,"q_model","q_model","q_model","q_model","q_model","RI23-1054","Hungerford","03/25/2023","10:00","Isco/grab","Stream","need to verify type",NA,-74.938,-10.741,NA
2023-03-28 12:00:00,2.395498059,2.293663392,2.825165928,2.395498059,"original",NA,NA,NA,NA,NA,NA,"q_model","q_model","q_model","q_model","q_model","RI23-1061","Hungerford","03/28/2023","12:00","Snowmelt lysimeter","Endmember",NA,NA,-75.524,-11.193,NA
2023-03-28 12:00:00,2.395498059,2.293663392,2.825165928,2.395498059,"original",NA,NA,NA,NA,NA,NA,"q_model","q_model","q_model","q_model","q_model","RI23-1063","Wade","03/28/2023","12:00","Snowmelt lysimeter","Endmember",NA,NA,-95.26,-14.233,NA
2023-03-31 08:00:00,1.73621335,1.387524768,1.977839634,1.73621335,"original",2.602715027,2023,0.059686481,0.0001988,0.000113,0.000235,"sensor","sensor","sensor","sensor","sensor","RI23-1064","Wade","03/31/2023","8:00","Grab/Isco","Stream","need to verify type",NA,-83.194,-11.926,NA
2023-03-31 14:00:00,1.579855993,1.21196041,1.813670165,1.579855993,"original",2.706096117,2023,0.062644135,0.0001988,0.000113,0.000235,"sensor","sensor","sensor","sensor","sensor","RI23-1065","Wade","03/31/2023","14:00","Grab/Isco","Stream","need to verify type",NA,-82.174,-11.965,NA
2023-03-31 14:00:00,1.579855993,1.21196041,1.813670165,1.579855993,"original",2.706096117,2023,0.062644135,0.0001988,0.000113,0.000235,"sensor","sensor","sensor","sensor","sensor","RI23-1085","Hungerford","03/31/2023","14:00","Grab/Isco","Stream","need to verify type",NA,-73.371,-11.14,NA
2023-03-31 20:00:00,1.555927799,1.050554467,1.662740168,1.555927799,"original",2.866034719,2023,0.076354816,0.0001988,0.000113,0.000235,"sensor","sensor","sensor","sensor","sensor","RI23-1066","Wade","03/31/2023","20:00","Grab/Isco","Stream","need to verify type",NA,-82.71,-12.178,NA
2023-03-31 20:00:00,1.555927799,1.050554467,1.662740168,1.555927799,"original",2.866034719,2023,0.076354816,0.0001988,0.000113,0.000235,"sensor","sensor","sensor","sensor","sensor","RI23-1086","Hungerford","03/31/2023","20:00","Grab/Isco","Stream","need to verify type",NA,-73.302,-10.999,NA
2023-04-01 02:00:00,1.524344057,1.076039616,1.68657122,1.524344057,"original",2.821299575,2023,0.030473509,0.0001988,0.000113,0.000235,"sensor","sensor","sensor","sensor","sensor","RI23-1067","Wade","04/1/2023","2:00","Grab/Isco","Stream","need to verify type",NA,-82.631,-12.148,NA
2023-04-01 02:00:00,1.524344057,1.076039616,1.68657122,1.524344057,"original",2.821299575,2023,0.030473509,0.0001988,0.000113,0.000235,"sensor","sensor","sensor","sensor","sensor","RI23-1087","Hungerford","04/1/2023","2:00","Grab/Isco","Stream","need to verify type",NA,-73.286,-10.867,NA
2023-04-01 08:00:00,1.644675176,1.21196041,1.813670165,1.644675176,"original",2.843004016,2023,0.077017889,0.0001988,0.000113,0.000235,"sensor","sensor","sensor","sensor","sensor","RI23-1068","Wade","04/1/2023","8:00","Grab/Isco","Stream","need to verify type",NA,-81.928,-12.094,NA
2023-04-01 08:00:00,1.644675176,1.21196041,1.813670165,1.644675176,"original",2.843004016,2023,0.077017889,0.0001988,0.000113,0.000235,"sensor","sensor","sensor","sensor","sensor","RI23-1088","Hungerford","04/1/2023","8:00","Grab/Isco","Stream","need to verify type",NA,-73.13,-10.889,NA
2023-04-01 14:00:00,1.848019795,1.54893071,2.12876963,1.848019795,"original",2.851461989,2023,0.095147963,0.0001988,0.000113,0.000490771,"sensor","sensor","sensor","sensor","sensor","RI23-1069","Wade","04/1/2023","14:00","Grab/Isco","Stream","need to verify type",NA,-82.383,-12.466,NA
2023-04-01 14:00:00,1.848019795,1.54893071,2.12876963,1.848019795,"original",2.851461989,2023,0.095147963,0.0001988,0.000113,0.000490771,"sensor","sensor","sensor","sensor","sensor","RI23-1089","Hungerford","04/1/2023","14:00","Grab/Isco","Stream","need to verify type",NA,-71.721,-10.743,NA
2023-04-01 20:00:00,3.153110706,2.806198051,3.304434863,3.153110706,"original",2.437129443,2023,0.12127777,0.014346105,0.000113,0.001842392,"sensor","sensor","sensor","sensor","sensor","RI23-1070","Wade","04/1/2023","20:00","Grab/Isco","Stream","need to verify type",NA,-86.996,-13.057,NA
2023-04-01 20:00:00,3.153110706,2.806198051,3.304434863,3.153110706,"original",2.437129443,2023,0.12127777,0.014346105,0.000113,0.001842392,"sensor","sensor","sensor","sensor","sensor","RI23-1090","Hungerford","04/1/2023","20:00","Grab/Isco","Stream","need to verify type",NA,-71.931,-10.744,NA
2023-04-02 02:00:00,3.595560273,3.171485184,3.646013275,3.595560273,"original",1.849072474,2023,0.175247597,0.059117666,0.000113,0.034632131,"sensor","sensor","sensor","sensor","sensor","RI23-1071","Wade","04/2/2023","2:00","Grab/Isco","Stream","need to verify type",NA,-88.055,-13.392,NA
2023-04-02 02:00:00,3.595560273,3.171485184,3.646013275,3.595560273,"original",1.849072474,2023,0.175247597,0.059117666,0.000113,0.034632131,"sensor","sensor","sensor","sensor","sensor","RI23-1091","Hungerford","04/2/2023","2:00","Grab/Isco","Stream","need to verify type",NA,-73.063,-10.739,NA
2023-04-02 08:00:00,3.544775426,2.916633696,3.407702755,3.544775426,"original",1.71730223,2023,0.149727607,0.018332146,0.000113,0.019650073,"sensor","sensor","sensor","sensor","sensor","RI23-1072","Wade","04/2/2023","8:00","Grab/Isco","Stream","need to verify type",NA,-87.78,-13.383,NA
2023-04-02 08:00:00,3.544775426,2.916633696,3.407702755,3.544775426,"original",1.71730223,2023,0.149727607,0.018332146,0.000113,0.019650073,"sensor","sensor","sensor","sensor","sensor","RI23-1092","Hungerford","04/2/2023","8:00","Grab/Isco","Stream","need to verify type",NA,-73.732,-10.545,NA
2023-04-02 14:00:00,3.141287372,2.766554486,3.267364337,3.141287372,"original",1.571709084,2023,0.098079567,0.027106119,0.000113,0.000235,"sensor","sensor","sensor","sensor","sensor","RI23-1073","Wade","04/2/2023","14:00","Grab/Isco","Stream","need to verify type",NA,-86.61,-13.449,NA
2023-04-02 20:00:00,2.498051397,2.491881216,3.010518555,2.498051397,"original",1.637618832,2023,0.108527429,0.0001988,0.000113,0.000235,"sensor","sensor","sensor","sensor","sensor","RI23-1074","Wade","04/2/2023","20:00","Grab/Isco","Stream","need to verify type",NA,-86.264,-13.438,NA
2023-04-02 20:00:00,2.498051397,2.491881216,3.010518555,2.498051397,"original",1.637618832,2023,0.108527429,0.0001988,0.000113,0.000235,"sensor","sensor","sensor","sensor","sensor","RI23-1074","Wade","04/2/2023","20:00","Grab/Isco","Stream","need to verify type",NA,-86.264,-13.438,NA
2023-04-03 02:00:00,2.216996131,2.067128736,2.613334354,2.216996131,"original",1.771027193,2023,0.069678472,0.005603031,0.000113,0.000235,"sensor","sensor","sensor","sensor","sensor","RI23-1075","Wade","04/3/2023","2:00","Grab/Isco","Stream","need to verify type",NA,-86.479,-13.355,NA
2023-04-03 12:00:00,1.865571236,1.54893071,2.12876963,1.865571236,"original",2.076232694,2023,0.05011451,0.0001988,0.000113,0.000235,"sensor","sensor","sensor","sensor","sensor","RI23-5010","Wade","04/03/2023","12:00","Precip","Endmember",NA,NA,-87.824,-13.232,NA
2023-04-03 14:00:00,1.813197793,1.449821798,2.036093316,1.813197793,"original",2.135906836,2023,0.066787453,0.0001988,0.000113,0.000235,"sensor","sensor","sensor","sensor","sensor","RI23-1077","Wade","04/3/2023","14:00","Grab/Isco","Stream","need to verify type",NA,-84.668,-12.58,NA
2023-04-03 22:00:00,1.73621335,1.240277242,1.840149111,1.73621335,"original",2.31192113,2023,0.100477926,0.0001988,0.000113,0.000235,"sensor","sensor","sensor","sensor","sensor","RI23-1078","Wade","04/3/2023","22:00","Grab/Isco","Stream","need to verify type",NA,-84.596,-12.971,NA
2023-04-04 06:00:00,1.685936279,1.155326746,1.760712271,1.685936279,"original",2.516993214,2023,0.06673882,0.0001988,0.000113,0.000235,"sensor","sensor","sensor","sensor","sensor","RI23-1079","Wade","04/4/2023","6:00","Grab/Isco","Stream","need to verify type",NA,-84.992,-12.716,NA
2023-04-04 14:00:00,1.636492208,1.076039616,1.68657122,1.636492208,"original",2.598361712,2023,0.067419304,0.0001988,0.000113,0.000235,"sensor","sensor","sensor","sensor","sensor","RI23-1080","Wade","04/4/2023","14:00","Grab/Isco","Stream","need to verify type",NA,-84.909,-12.662,NA
2023-04-05 14:00:00,1.547997553,0.951445555,1.570063855,1.547997553,"original",2.29246362,2023,0.064606416,0.0001988,0.000113,0.000235,"sensor","sensor","sensor","sensor","sensor","RI23-1081","Wade","04/5/2023","14:00","Grab/Isco","Stream","need to verify type",NA,-85.309,-12.684,NA
2023-04-05 22:00:00,1.579855993,0.951445555,1.570063855,1.579855993,"original",2.201621046,2023,0.050067873,0.0001988,0.000113,0.000235,"sensor","sensor","sensor","sensor","sensor","RI23-1082","Wade","04/5/2023","22:00","Grab/Isco","Stream","need to verify type",NA,-81.023,-11.998,NA
2023-04-06 06:00:00,10.9223762,8.806534752,8.915323667,10.9223762,"original",0.851271326,2023,1.510119314,0.443812298,0.187951583,0.861780484,"sensor","sensor","sensor","sensor","sensor","RI23-1083","Wade","04/6/2023","6:00","Grab/Isco","Stream","need to verify type",NA,-83.691,-12.527,NA
2023-04-06 12:00:00,8.084307971,6.059802048,6.346865838,8.084307971,"original",1.515918391,2023,0.595334516,0.212233468,0.119960828,0.348562324,"sensor","sensor","sensor","sensor","sensor","RI23-1048","Wade","04/6/2023","12:00","Grab/Isco","Stream","need to verify type",NA,-86.959,-12.866,NA
2023-04-07 00:00:00,4.181316642,3.737821824,4.175592209,4.181316642,"original",2.569384373,2023,0.241371826,0.079710328,0.025936502,0.096478286,"sensor","sensor","sensor","sensor","sensor","RI23-1049","Wade","04/7/2023","0:00","Grab/Isco","Stream","need to verify type",NA,-85.227,-12.67,NA
2023-04-07 06:00:00,3.532142951,3.058217856,3.540097489,3.532142951,"original",2.64769854,2023,0.166153539,0.046563926,0.000113,0.045784009,"sensor","sensor","sensor","sensor","sensor","RI23-1050","Wade","04/7/2023","6:00","Grab/Isco","Stream","need to verify type",NA,-86.327,-12.739,NA
2023-04-07 12:00:00,3.094244777,2.568336662,3.08201171,3.094244777,"original",2.695213428,2023,0.114736885,0.034446735,0.000113,0.000235,"sensor","sensor","sensor","sensor","sensor","RI23-1051","Wade","04/7/2023","12:00","Grab/Isco","Stream","need to verify type",NA,-86.013,-12.881,NA
2023-04-07 17:00:00,2.69962215,2.180396064,2.719250141,2.69962215,"original",2.75678134,2023,0.123190648,0.019093384,0.000113,0.012274136,"sensor","sensor","sensor","sensor","sensor","RI23-1052","Wade","04/7/2023","17:00","Grab/Isco","Stream","need to verify type",NA,-85.28,-12.494,NA
2023-04-10 06:00:00,1.571857004,0.838178227,1.464148068,1.571857004,"original",3.123434435,2023,0.050754969,0.005877976,0.000113,0.000235,"sensor","sensor","sensor","sensor","sensor","RI23-1093","Wade","04/10/2023","6:00","Grab/Isco","Stream","need to verify type",NA,-84.793,-12.564,NA
2023-04-10 12:00:00,1.469951192,0.795702979,1.424429648,1.469951192,"original",3.0861447,2023,0.04266475,0.017350779,0.000113,0.000235,"sensor","sensor","sensor","sensor","sensor","RI23-1094","Wade","04/10/2023","12:00","Grab/Isco","Stream","need to verify type",NA,-84.459,-12.484,NA
2023-04-10 18:00:00,1.439369971,0.775881197,1.405894386,1.439369971,"original",3.027669092,2023,0.045983643,0.0001988,0.000113,0.000235,"sensor","sensor","sensor","sensor","sensor","RI23-1095","Wade","04/10/2023","18:00","Grab/Isco","Stream","need to verify type",NA,-85.437,-12.629,NA
2023-04-11 00:00:00,1.477653286,0.775881197,1.405894386,1.477653286,"original",3.086259488,2023,0.052305593,0.027153627,0.000113,0.000235,"sensor","sensor","sensor","sensor","sensor","RI23-1096","Wade","04/11/2023","0:00","Grab/Isco","Stream","need to verify type","vial is missing",NA,NA,NA
2023-04-11 06:00:00,1.516505256,0.733405949,1.366175966,1.516505256,"original",3.002714366,2023,0.032758647,0.015820295,0.000113,0.000235,"sensor","sensor","sensor","sensor","sensor","RI23-1097","Wade","04/11/2023","6:00","Grab/Isco","Stream","need to verify type",NA,-86.183,-12.693,NA
2023-04-11 12:00:00,1.416672131,0.696594067,1.331753334,1.416672131,"original",3.017307694,2023,0.039021492,0.0001988,0.000113,0.000235,"sensor","sensor","sensor","sensor","sensor","RI23-1098","Wade","04/11/2023","12:00","Snowmelt lysimeter","Endmember",NA,NA,-89.353,-12.731,NA
2023-04-11 13:30:00,1.416672131,0.696594067,1.331753334,1.416672131,"original",3.004590023,2023,0.048321033,0.003171622,0.000113,0.000235,"sensor","sensor","sensor","sensor","sensor","RI23-1099","Hungerford","04/11/2023","13:30","Grab/Isco","Stream","need to verify type",NA,-68.677,-9.988,NA
2023-04-11 16:00:00,1.386724982,0.676772285,1.313218072,1.386724982,"original",2.933179145,2023,0.113804377,0.022938713,0.000113,0.000235,"sensor","sensor","sensor","sensor","sensor","RI23-1100","Wade","04/11/2023","16:00","Grab/Isco","Stream","need to verify type",NA,-86.889,-12.713,NA
2023-04-12 00:00:00,1.927740556,0.639960403,1.278795441,1.927740556,"original",NA,NA,NA,NA,NA,NA,"q_model","q_model","q_model","q_model","q_model","RI23-1101","Wade","04/12/2023","0:00","Grab/Isco","Stream","need to verify type",NA,-88.178,-12.949,NA
2023-04-12 08:00:00,1.386724982,0.639960403,1.278795441,1.386724982,"original",NA,NA,NA,NA,NA,NA,"q_model","q_model","q_model","q_model","q_model","RI23-1102","Wade","04/12/2023","8:00","Grab/Isco","Stream","need to verify type",NA,-87.574,-12.842,NA
2023-04-12 12:00:00,1.3351854,0.605980205,1.247020705,1.3351854,"original",NA,NA,NA,NA,NA,NA,"q_model","q_model","q_model","q_model","q_model","ISO23-110","Wade","04/12/2023","12:00","DM","Endmember",NA,NA,-91.165,-13.372,NA
2023-04-12 12:00:00,1.3351854,0.605980205,1.247020705,1.3351854,"original",NA,NA,NA,NA,NA,NA,"q_model","q_model","q_model","q_model","q_model","ISO23-113","Hungerford","04/12/2023","12:00","DM","Endmember",NA,NA,-79.702,-11.813,NA
2023-04-12 12:00:00,1.3351854,0.605980205,1.247020705,1.3351854,"original",NA,NA,NA,NA,NA,NA,"q_model","q_model","q_model","q_model","q_model","RI23-5011","Wade","04/12/2023","12:00","Soil water lysimeter wet","Endmember","wet as per iso notes",NA,-78.101,-11.582,"Wet SWL"
2023-04-12 12:00:00,1.3351854,0.605980205,1.247020705,1.3351854,"original",NA,NA,NA,NA,NA,NA,"q_model","q_model","q_model","q_model","q_model","RI23-5012","Wade","04/12/2023","12:00","Snowmelt lysimeter","Endmember",NA,NA,-85.262,-12.252,NA
2023-04-12 12:00:00,1.3351854,0.605980205,1.247020705,1.3351854,"original",NA,NA,NA,NA,NA,NA,"q_model","q_model","q_model","q_model","q_model","RI23-5013","Hungerford","04/12/2023","12:00","Soil water lysimeter wet","Endmember","wet site",NA,-89.646,-13.065,"Wet SWL"
2023-04-12 12:00:00,1.3351854,0.605980205,1.247020705,1.3351854,"original",NA,NA,NA,NA,NA,NA,"q_model","q_model","q_model","q_model","q_model","RI23-5014","Hungerford","04/12/2023","12:00","Soil water lysimeter dry","Endmember","dry site",NA,-50.801,-8.426,"MED best guess is other 04/12/2023 Hford soil lysimeter in ICP data dry site"
2023-04-12 12:00:00,1.3351854,0.605980205,1.247020705,1.3351854,"original",NA,NA,NA,NA,NA,NA,"q_model","q_model","q_model","q_model","q_model","RI23-5015","Wade","04/12/2023","12:00","Soil water lysimeter wet","Endmember","wet site",NA,NA,NA,NA
2023-04-12 12:00:00,1.3351854,0.605980205,1.247020705,1.3351854,"original",NA,NA,NA,NA,NA,NA,"q_model","q_model","q_model","q_model","q_model","RI23-5017","Hungerford","04/12/2023","12:00","Snowmelt lysimeter","Endmember",NA,NA,NA,NA,NA
2023-04-13 12:00:00,1.187144557,0.538019808,1.183471233,1.187144557,"original",NA,NA,NA,NA,NA,NA,"q_model","q_model","q_model","q_model","q_model","RI23-5016","Hungerford","04/13/2023","12:00","Precip","Endmember",NA,NA,-69.848,-10.859,"iso logs says 4/13 not 4/03"
